es.ull.app.Player,469,655
es.ull.app.GhostTuka,474,462
es.ull.app.GhostTuka,542,360
es.ull.app.GhostTuka,270,110
es.ull.app.GhostTuka,922,562
es.ull.app.Train,12,50
es.ull.app.Train,12,100
es.ull.app.Train,12,150
es.ull.app.Train,12,200
es.ull.app.Train,12,250
es.ull.app.Train,12,300
es.ull.app.Train,12,350
es.ull.app.Train,12,400
es.ull.app.Train,12,450
es.ull.app.Train,12,500
es.ull.app.Train,12,550
es.ull.app.Train,12,600
es.ull.app.Train,12,650
es.ull.app.Train,12,700
es.ull.app.Train,62,700
es.ull.app.Train,112,700
es.ull.app.Train,162,700
es.ull.app.Train,212,700
es.ull.app.Train,262,700
es.ull.app.Train,312,700
es.ull.app.Train,362,700
es.ull.app.Train,412,700
es.ull.app.Train,462,700
es.ull.app.Train,512,700
es.ull.app.Train,562,700
es.ull.app.Train,612,700
es.ull.app.Train,662,700
es.ull.app.Train,712,700
es.ull.app.Train,762,700
es.ull.app.Train,812,700
es.ull.app.Train,862,700
es.ull.app.Train,912,700
es.ull.app.Train,962,700
es.ull.app.Train,62,50
es.ull.app.Train,112,50
es.ull.app.Train,162,50
es.ull.app.Train,212,50
es.ull.app.Train,262,50
es.ull.app.Train,312,50
es.ull.app.Train,362,50
es.ull.app.Train,412,50
es.ull.app.Train,462,50
es.ull.app.Train,512,50
es.ull.app.Train,562,50
es.ull.app.Train,612,50
es.ull.app.Train,662,50
es.ull.app.Train,712,50
es.ull.app.Train,762,50
es.ull.app.Train,812,50
es.ull.app.Train,862,50
es.ull.app.Train,912,50
es.ull.app.Train,962,50
es.ull.app.Train,962,100
es.ull.app.Train,962,150
es.ull.app.Train,962,200
es.ull.app.Train,962,250
es.ull.app.Train,962,300
es.ull.app.Train,962,350
es.ull.app.Train,962,400
es.ull.app.Train,962,450
es.ull.app.Train,962,500
es.ull.app.Train,962,550
es.ull.app.Train,962,600
es.ull.app.Train,962,650
es.ull.app.Train,962,700
es.ull.app.Train,112,150
es.ull.app.Train,162,150
es.ull.app.Train,112,200
es.ull.app.Train,162,200
es.ull.app.Train,112,300
es.ull.app.Train,162,300
es.ull.app.Train,812,150
es.ull.app.Train,862,150
es.ull.app.Train,812,200
es.ull.app.Train,862,200
es.ull.app.Train,462,100
es.ull.app.Train,512,100
es.ull.app.Train,462,150
es.ull.app.Train,512,150
es.ull.app.Train,462,200
es.ull.app.Train,512,200
es.ull.app.Train,262,150
es.ull.app.Train,312,150
es.ull.app.Train,362,150
es.ull.app.Train,262,200
es.ull.app.Train,312,200
es.ull.app.Train,362,200
es.ull.app.Train,812,300
es.ull.app.Train,862,300
es.ull.app.Train,612,150
es.ull.app.Train,662,150
es.ull.app.Train,712,150
es.ull.app.Train,612,200
es.ull.app.Train,662,200
es.ull.app.Train,712,200
es.ull.app.Train,412,400
es.ull.app.Train,562,400
es.ull.app.Train,412,450
es.ull.app.Train,412,500
es.ull.app.Train,562,450
es.ull.app.Train,562,500
es.ull.app.Train,462,500
es.ull.app.Train,512,500
es.ull.app.Train,262,300
es.ull.app.Train,312,300
es.ull.app.Train,362,300
es.ull.app.Train,312,350
es.ull.app.Train,612,300
es.ull.app.Train,662,300
es.ull.app.Train,712,300
es.ull.app.Train,662,350
es.ull.app.Train,462,300
es.ull.app.Train,512,300
es.ull.app.Train,412,600
es.ull.app.Train,462,600
es.ull.app.Train,512,600
es.ull.app.Train,562,600
es.ull.app.Train,112,600
es.ull.app.Train,162,600
es.ull.app.Train,212,600
es.ull.app.Train,212,550
es.ull.app.Train,212,500
es.ull.app.Train,212,450
es.ull.app.Train,212,400
es.ull.app.Train,112,500
es.ull.app.Train,112,450
es.ull.app.Train,112,400
es.ull.app.Train,312,400
es.ull.app.Train,312,500
es.ull.app.Train,312,550
es.ull.app.Train,312,600
es.ull.app.Train,862,600
es.ull.app.Train,812,600
es.ull.app.Train,762,600
es.ull.app.Train,762,550
es.ull.app.Train,762,500
es.ull.app.Train,762,450
es.ull.app.Train,762,400
es.ull.app.Train,662,400
es.ull.app.Train,662,500
es.ull.app.Train,662,550
es.ull.app.Train,662,600
es.ull.app.Train,862,400
es.ull.app.Train,862,450
es.ull.app.Train,862,500
es.ull.app.Dot,74,112
es.ull.app.Dot,74,162
es.ull.app.Dot,74,212
es.ull.app.Dot,74,262
es.ull.app.Dot,74,312
es.ull.app.Dot,74,362
es.ull.app.Dot,74,412
es.ull.app.Dot,74,462
es.ull.app.Dot,74,512
es.ull.app.Dot,74,562
es.ull.app.Dot,74,612
es.ull.app.Dot,74,662
es.ull.app.Dot,124,112
es.ull.app.Dot,174,112
es.ull.app.Dot,224,112
es.ull.app.Dot,324,112
es.ull.app.Dot,374,112
es.ull.app.Dot,424,112
es.ull.app.Dot,424,162
es.ull.app.Dot,424,212
es.ull.app.Dot,424,262
es.ull.app.Dot,374,662
es.ull.app.Dot,324,662
es.ull.app.Dot,274,662
es.ull.app.Dot,224,662
es.ull.app.Dot,174,662
es.ull.app.Dot,124,662
es.ull.app.Dot,274,612
es.ull.app.Dot,274,562
es.ull.app.Dot,274,512
es.ull.app.Dot,274,462
es.ull.app.Dot,274,412
es.ull.app.Dot,274,362
es.ull.app.Dot,224,362
es.ull.app.Dot,174,362
es.ull.app.Dot,124,362
es.ull.app.Dot,174,412
es.ull.app.Dot,174,462
es.ull.app.Dot,174,512
es.ull.app.Dot,174,562
es.ull.app.Dot,124,562
es.ull.app.Dot,124,262
es.ull.app.Dot,174,262
es.ull.app.Dot,224,262
es.ull.app.Dot,274,262
es.ull.app.Dot,324,262
es.ull.app.Dot,374,262
es.ull.app.Dot,224,212
es.ull.app.Dot,224,162
es.ull.app.Dot,224,312
es.ull.app.Pizza,574,112
es.ull.app.Dot,624,112
es.ull.app.Dot,674,112
es.ull.app.Dot,724,112
es.ull.app.Dot,774,112
es.ull.app.Dot,824,112
es.ull.app.Dot,874,112
es.ull.app.Dot,924,112
es.ull.app.Dot,924,162
es.ull.app.Dot,924,212
es.ull.app.Dot,924,262
es.ull.app.Dot,924,312
es.ull.app.Dot,924,362
es.ull.app.Dot,924,412
es.ull.app.Dot,924,462
es.ull.app.Dot,924,512
es.ull.app.Dot,924,562
es.ull.app.Dot,924,612
es.ull.app.Dot,924,662
es.ull.app.Dot,874,662
es.ull.app.Dot,824,662
es.ull.app.Dot,774,662
es.ull.app.Dot,724,662
es.ull.app.Dot,674,662
es.ull.app.Dot,624,662
es.ull.app.Dot,574,662
es.ull.app.Dot,524,662
es.ull.app.Dot,424,662
es.ull.app.Dot,574,262
es.ull.app.Dot,574,212
es.ull.app.Dot,574,162
es.ull.app.Dot,624,262
es.ull.app.Dot,674,262
es.ull.app.Dot,724,262
es.ull.app.Dot,774,262
es.ull.app.Dot,824,262
es.ull.app.Dot,874,262
es.ull.app.Dot,774,212
es.ull.app.Dot,774,162
es.ull.app.Dot,524,262
es.ull.app.Dot,474,262
es.ull.app.Dot,774,312
es.ull.app.Dot,774,362
es.ull.app.Dot,724,362
es.ull.app.Dot,824,362
es.ull.app.Dot,874,362
es.ull.app.Dot,824,412
es.ull.app.Dot,824,462
es.ull.app.Dot,824,512
es.ull.app.Dot,824,562
es.ull.app.Dot,874,562
es.ull.app.Dot,724,562
es.ull.app.Dot,724,612
es.ull.app.Dot,724,512
es.ull.app.Dot,724,462
es.ull.app.Dot,724,412
es.ull.app.Dot,524,462
es.ull.app.Dot,524,412
es.ull.app.Dot,474,412
es.ull.app.Dot,474,362
es.ull.app.Dot,424,312
es.ull.app.Dot,424,362
es.ull.app.Dot,574,362
es.ull.app.Dot,574,312
es.ull.app.Dot,574,562
es.ull.app.Dot,624,562
es.ull.app.Dot,524,562
es.ull.app.Dot,474,562
es.ull.app.Dot,424,562
es.ull.app.Dot,374,562
es.ull.app.Dot,374,612
es.ull.app.Dot,624,612
es.ull.app.Dot,474,462
es.ull.app.TimeFreeze,272,112